Q1,Q2,Q3,Q4,Q5,Q6,Recommendation,RecIcon,Effect,EffectIcon
Always,Overwhelmed,High,Always,No,Very poorly,"Prioritize your tasks using the Eisenhower Matrix (urgent vs. important).","ğŸ“Š","Prioritization helps you focus on what matters most.","ğŸ¯"
*,Often,Moderate,*,No,*,"Set specific time blocks for focused work and breaks.","â²ï¸","Time blocking increases productivity and reduces overwhelm.","ğŸ’ª"
Rarely,Confident,Low,Occasionally,Yes,Well,"Keep up your effective routines and help others with time management tips.","ğŸ¤","Sharing strategies reinforces your own habits.","ğŸŒˆ"
*,*,*,Frequently,*,*,"Use a planner or digital calendar to organize deadlines and appointments.","ğŸ“…","Staying organized prevents missed deadlines.","ğŸ—‚ï¸"
*,*,*,*,Supported,Well,"Ask for help when your workload feels unmanageable.","ğŸ™‹â€â™‚ï¸","Seeking support can prevent burnout.","ğŸ¤—"
Sometimes,Neutral,Moderate,Sometimes,Neutral,Neutral,"Break large projects into smaller, actionable steps.","ğŸªœ","Small steps make big tasks less overwhelming.","ğŸ§©"
Often,*,High,*,*,*,"Say no to new commitments when your schedule is full.","ğŸš«","Setting limits protects your time and energy.","âš¡"
*,*,*,*,*,*,"Review your progress weekly and adjust your plan as needed.","ğŸ”„","Regular review keeps you on track.","ğŸ“ˆ"
*,*,*,*,*,*,"Limit distractions by turning off notifications during work sessions.","ğŸ”•","Fewer distractions mean better focus.","ğŸ§ "
*,*,*,*,*,*,"Set realistic daily goals and celebrate small achievements.","ğŸ…","Small wins build confidence and motivation.","ğŸ˜Š"
*,*,*,*,*,*,"Use timers or alarms to remind you of important tasks.","â°","Reminders help you stay organized.","ğŸ—“ï¸"
*,*,*,*,*,*,"Practice self-care by scheduling downtime in your calendar.","ğŸ›€","Downtime is essential for long-term productivity.","ğŸŒ"
*,*,*,*,*,*,"Reflect on your accomplishments at the end of each day.","ğŸ‰","Reflection boosts morale and helps you improve.","ğŸŒŸ"
*,*,*,*,*,*,"Ask for feedback on your time management from a mentor or peer.","ğŸ”","Feedback can reveal areas for improvement.","ğŸ“ˆ"
*,*,*,*,*,*,"Visualize a successful, balanced day before you start.","ğŸŒˆ","Positive visualization can reduce anxiety.","ğŸ¦‹"
*,*,*,*,*,*,"If you feel overwhelmed, take a short walk to reset your mind.","ğŸš¶","Movement and fresh air can help you refocus.","ğŸŒ³"
*,*,*,*,*,*,"Keep your workspace tidy to minimize distractions.","ğŸ§¹","A clean space supports clear thinking.","ğŸ§ "
*,*,*,*,*,*,"Use color coding for tasks to quickly identify priorities.","ğŸ–ï¸","Color coding makes planning more intuitive.","ğŸŒˆ"
*,*,*,*,*,*,"Practice saying no politely to protect your time.","ğŸ™…â€â™‚ï¸","Boundaries are key to effective time management.","ğŸ›¡ï¸"
*,*,*,*,*,*,"Reward yourself after completing challenging tasks.","ğŸ","Rewards reinforce positive habits.","ğŸ‘"