Q1,Q2,Q3,Q4,Q5,Recommendation,RecIcon,Effect,EffectIcon
Always,Always,No,No,Not at all,"Seek immediate support from a family counselor or trusted adult. Practice open communication and set healthy boundaries.","ğŸ†˜","Unresolved family stress can lead to anxiety, depression, and difficulty focusing on studies.","âš ï¸"
*,Often,No,Yes,Not much,"Try family mediation or guided family discussions. Journaling your feelings can help process emotions.","ğŸ““","Ongoing family conflict may cause sleep problems and low self-esteem.","ğŸ˜´"
Rarely,*,No,*,Somewhat,"Talk to a supportive friend or mentor about your family concerns. Practice self-care routines.","ğŸ¤","Bottling up stress can affect your mood and relationships outside the family.","ğŸ˜•"
*,*,Yes,Not sure,Very well,"Maintain open communication and express gratitude to family members. Celebrate small positive moments together.","ğŸŒŸ","Healthy family bonds support emotional resilience and well-being.","ğŸ˜Š"
Never,Never,Yes,Yes,Very well,"Great job! Continue nurturing positive family relationships and offer support to others.","ğŸ†","Strong family support helps you handle life's challenges better.","ğŸ’ª"
*,Occasionally,*,Not sure,Not much,"Set aside time for family activities and honest conversations. Consider family counseling if needed.","ğŸ—£ï¸","Ignoring family issues can increase stress and affect your happiness.","ğŸš¨"
Sometimes,*,Yes,No,Somewhat,"Share your feelings calmly with family and suggest solutions together. Practice deep breathing when upset.","ğŸ§˜","Unmanaged stress may lead to anger or withdrawal.","ğŸ˜ "
*,*,No,Yes,Not at all,"Reach out to a school counselor or helpline for guidance. Remember you are not alone.","ğŸ“","Lack of support can make family stress feel overwhelming.","ğŸ†˜"
*,*,*,*,*,"Reflect on what you can control and let go of what you can't. Focus on self-care and building your own support network.","ğŸ›Œ","Chronic family stress can impact your mental and physical health.","ğŸ’¤"
Sometimes,Occasionally,Yes,Not sure,Somewhat,"Try family gratitude exercises like sharing one good thing each day. Stay connected with friends for extra support.","ğŸ’¬","Mild family stress can still affect your mood and motivation.","ğŸ™‚"
*,*,*,*,*,"If you feel unsafe at home contact a trusted adult, teacher, or helpline immediately.","ğŸš¨","Unsafe environments can have serious long-term effects. Your safety is most important.","â—"
Always,Often,No,Yes,Not much,"Consider setting boundaries and having a calm family meeting to discuss recurring issues.","ğŸ›‘","Frequent unresolved arguments can increase anxiety and affect your studies.","ğŸ˜Ÿ"
Sometimes,Occasionally,No,No,Somewhat,"Spend quality time with family members and express appreciation for small things.","ğŸ’–","Mild stress can be reduced by positive interactions.","ğŸ™‚"
Rarely,Never,Yes,Yes,Very well,"Keep up the open communication and support within your family.","ğŸŒˆ","Strong family bonds help you stay resilient.","ğŸ’ª"
Never,Always,No,No,Not at all,"Reach out to a trusted adult or counselor if you feel isolated at home.","ğŸ“","Feeling unsupported can lead to loneliness and sadness.","ğŸ˜”"
*,*,Yes,Yes,Somewhat,"Encourage regular family check-ins and share your feelings honestly.","ğŸ—¨ï¸","Open conversations can prevent misunderstandings and reduce stress.","ğŸ¤—"
*,Often,No,Not sure,Not much,"Try writing a letter to your family about your feelings if talking is hard.","âœ‰ï¸","Expressing yourself can help you feel heard and understood.","ğŸ“"
Sometimes,*,No,Yes,Not at all,"Practice self-care and seek support from friends or mentors outside the family.","ğŸ§‘â€ğŸ¤â€ğŸ§‘","Lack of family support can be balanced by strong friendships.","ğŸ¤"
Rarely,Occasionally,Yes,No,Very well,"Celebrate small family achievements together to build positivity.","ğŸ‰","Positive family moments can buffer against stress.","ğŸŒŸ"
Never,Never,No,Not sure,Somewhat,"If you feel stuck try family counseling or talk to a school counselor.","ğŸ§‘â€âš•ï¸","Ignoring ongoing issues can make them worse over time.","â³"
Always,*,No,No,Somewhat,"Try relaxation techniques like deep breathing or meditation when family stress is high.","ğŸ§˜â€â™‚ï¸","Managing your own stress helps you respond better to family challenges.","ğŸ˜Œ"
Always,Occasionally,No,No,Not much,"Schedule regular family meetings to address concerns and set shared goals.","ğŸ“…","Lack of communication can lead to misunderstandings and ongoing tension.","ğŸ˜¬"
Sometimes,Often,Yes,No,Somewhat,"Use 'I feel' statements to express your emotions without blame. Suggest a family activity to reconnect.","ğŸ—£ï¸","Unspoken feelings may build up and cause resentment.","ğŸ˜"
Rarely,Occasionally,No,Not sure,Not much,"Keep a private journal to process your feelings and track positive moments.","ğŸ“”","Unprocessed emotions can affect your mental health over time.","ğŸ§ "
Never,Always,No,Yes,Somewhat,"If you feel overwhelmed take a break and revisit the conversation later. Seek outside support if needed.","â³","Constant stress can lead to burnout and affect your daily life.","ğŸ”¥"
*,Never,Yes,No,Very well,"Continue to nurture trust and openness in your family. Offer support to others who may be struggling.","ğŸ¤²","Strong family ties are a foundation for resilience.","ğŸ¡"
Always,*,No,Yes,Not at all,"If you feel unsafe prioritize your safety and reach out to a helpline or trusted adult immediately.","ğŸš¨","Unsafe environments can have lasting negative effects. Your safety comes first.","â—"
Sometimes,Occasionally,Yes,Yes,Somewhat,"Practice gratitude by sharing one positive thing about each family member daily.","ğŸŒ»","Positive reinforcement can improve family relationships.","ğŸ’›"
Rarely,Often,No,No,Not much,"Try to identify patterns in family arguments and discuss them calmly when everyone is relaxed.","ğŸ”","Recurring conflicts can be resolved with patience and understanding.","ğŸ•Šï¸"
Never,Occasionally,No,Yes,Not at all,"Consider joining a support group for teens experiencing family stress.","ğŸ‘¥","Connecting with others can help you feel less alone.","ğŸŒ±"
*,*,*,*,Very well,"Celebrate your family's strengths and continue building healthy habits together.","ğŸŠ","Positive routines help maintain low stress and strong bonds.","ğŸŒˆ"
*,*,No,No,Very well,"Keep up the healthy boundaries and communication. Offer support to family members who may be struggling.","ğŸ¤—","Strong boundaries help prevent future stress.","ğŸ›¡ï¸"
Always,*,Yes,*,Not much,"If you feel overwhelmed by family expectations, set clear limits and communicate your needs honestly.","ğŸ—£ï¸","Unrealistic expectations can lead to burnout.","ğŸ”¥"
*,Always,*,No,Somewhat,"Try to balance family responsibilities with personal time. Schedule breaks for yourself.","â°","Neglecting self-care can worsen stress.","ğŸ˜“"
Rarely,*,*,Yes,Very well,"Support family members who are struggling, but remember to care for your own well-being too.","ğŸ¤²","Helping others is important, but don't forget yourself.","ğŸ’š"
*,*,*,No,Not at all,"If you feel isolated, reach out to a trusted friend, teacher, or counselor for support.","ğŸ“","Isolation can increase anxiety and sadness.","ğŸ˜”"
Sometimes,*,No,*,Very well,"Share positive feedback with your family and celebrate small wins together.","ğŸ‰","Positive reinforcement strengthens family bonds.","ğŸŒŸ"
*,*,Yes,*,Not much,"Encourage open conversations about feelings and listen without judgment.","ğŸ‘‚","Judgment-free listening builds trust.","ğŸ¤"
*,*,*,Yes,Somewhat,"If family stress is affecting your schoolwork, talk to a teacher or counselor for help balancing responsibilities.","ğŸ«","Academic performance can suffer from family stress.","ğŸ“‰"
Never,*,*,*,Very well,"Continue your positive habits and help others in your family develop healthy coping skills.","ğŸŒ±","Healthy coping skills are key for resilience.","ğŸ§ "
*,*,No,*,Not much,"Practice mindfulness or relaxation exercises when family tension rises.","ğŸ§˜â€â™€ï¸","Mindfulness can reduce the impact of stress.","ğŸŒˆ"
*,*,*,*,*,"Create a family gratitude jarâ€”each member adds a note daily about something positive.","ğŸ¯","Focusing on positives can improve family mood.","ğŸŒ"
*,*,*,*,*,"Schedule a weekly family game night to strengthen bonds.","ğŸ²","Shared fun can reduce tension and build connection.","ğŸ¤—"
*,*,*,*,*,"Practice active listening: repeat back what you hear before responding in family talks.","ğŸ‘‚","Active listening reduces misunderstandings.","ğŸ’¬"
*,*,*,*,*,"Set clear family routines for meals and bedtime to create stability.","ğŸ•°ï¸","Routine helps everyone feel secure.","ğŸ¡"
*,*,*,*,*,"Encourage each family member to share one thing they appreciate about another weekly.","ğŸ’–","Appreciation builds trust and warmth.","ğŸŒŸ"
*,*,*,*,*,"Have a 'no devices' hour each evening for undistracted family time.","ğŸ“µ","Quality time improves relationships.","ğŸ•°ï¸"
*,*,*,*,*,"Create a family vision board with shared goals and dreams.","ğŸ–¼ï¸","Shared goals foster unity and motivation.","ğŸš€"
*,*,*,*,*,"Rotate chores so everyone feels included and valued.","ğŸ§¹","Shared responsibility reduces resentment.","ğŸ¤"
*,*,*,*,*,"Start family meetings to discuss issues and celebrate successes together.","ğŸ“…","Open communication prevents problems from building up.","ğŸ“¢"
*,*,*,*,*,"Practice a calming ritual together, like deep breathing before dinner.","ğŸŒ¬ï¸","Shared relaxation lowers stress for all.","ğŸ˜Œ"